https://www.atf.gov/,0
https://www.atf.gov/about,1
https://www.atf.gov/our-history/our-history,1
https://www.atf.gov/about/who-we-are,1
https://www.atf.gov/contact,1
https://www.atf.gov/contact/contact-atf-headquarters,1
https://www.atf.gov/about/executive-staff,1
https://www.atf.gov/about/organization-structure,1
https://www.atf.gov/news/press-and-media-contacts,1
https://www.atf.gov/contact/licensing-and-other-services,1
https://www.atf.gov/careers,1
https://www.atf.gov/contact/hotlines,1
https://www.atf.gov/careers/becoming-special-agent,1
https://www.atf.gov/careers/becoming-industry-operations-investigator,1
https://www.atf.gov/careers/attorneys,1
https://www.atf.gov/contact/atf-field-divisions,1
https://www.atf.gov/careers/professionaltechnical,1
https://www.atf.gov/new-york-field-division,1
https://www.atf.gov/washington-field-division,1
https://www.atf.gov/chicago-field-division,1
https://www.atf.gov/contact/international-offices,1
https://www.atf.gov/about/what-we-do,1
https://www.atf.gov/firearms,1
https://www.atf.gov/about/mission-areas,1
https://www.atf.gov/alcohol-tobacco,1
https://www.atf.gov/arson,1
https://www.atf.gov/explosives,1
https://www.atf.gov/rules-and-regulations,1
https://www.atf.gov/rules-and-regulations/regulations-alcohol-tobacco-firearms-and-explosives,1
https://www.atf.gov/rules-and-regulations/laws-alcohol-tobacco-firearms-and-explosives,1
https://www.atf.gov/rules-and-regulations/federal-register-actions,1
https://www.atf.gov/rules-and-regulations/rulings,1
https://www.atf.gov/news,1
https://www.atf.gov/news/advisories,1
https://www.atf.gov/news/social-media,1
https://www.atf.gov/most-wanted,1
https://www.atf.gov/news/press-releases,1
https://www.atf.gov/news/reward-notices,1
https://www.atf.gov/resource-center,1
https://www.atf.gov/resource-center/forms-library,1
https://www.atf.gov/distribution-center-order-form,1
https://www.atf.gov/resource-center/atf-photo-galleries,1
https://www.atf.gov/firearms/firearms-photo-gallery,1
https://www.atf.gov/about/canine-gallery,1
https://www.atf.gov/resource-center/publications-library,1
https://www.atf.gov/resource-center/fact-sheets,1
https://www.atf.gov/rules-and-regulations/rules-and-regulations-library,1
https://www.atf.gov/resource-center/foia-library,1
https://www.atf.gov/questions-and-answers/firearms-qas,1
https://www.atf.gov/questions-and-answers,1
https://www.atf.gov/questions-and-answers/explosives-qas,1
https://www.atf.gov/questions-and-answers/careers-qas,1
https://www.atf.gov/resource-center/data-statistics,1
https://www.atf.gov/explosives/fel-ez-check-application,1
https://www.atf.gov/firearms/docs/undefined/afmer-interim-report-2016/download,1
https://www.atf.gov/resource-center/firearms-trace-data-2016,1
https://www.atf.gov/explosives/fel-ez-check-application,1
https://www.atf.gov/resource-center/docs/undefined/firearms-commerce-united-states-annual-statistical-update-2017/download,1
https://www.atf.gov/home/whats-new,1
https://www.atf.gov/firearms/firearms-forms,1
https://www.atf.gov/rules-and-regulations/rulemaking,1
https://www.atf.gov/rules-and-regulations/general-notices-0,1
https://www.atf.gov/resource-center/firearms-trace-data-2016,1
https://www.atf.gov/careers/arson-explosives-training-programs,1
https://www.atf.gov/explosives/tools-services-explosives-industry,1
https://www.atf.gov/home/whats-new,1
https://www.atf.gov/arson/atf-certified-fire-investigator-school,1
https://www.atf.gov/atf-tips,1
https://www.atf.gov/questions-and-answers/alcohol-and-tobacco-qas,1
https://www.atf.gov/alcohol-tobacco/alcohol-tobacco-publications,1
https://www.atf.gov/rules-and-regulations/final-rule-41f-background-checks-responsible-persons-effective-july-13,1
https://www.atf.gov/local-fugitives/list,1
https://www.atf.gov/resource-center/freedom-information-act-foia,1
https://www.atf.gov/home/site-map,1
https://www.atf.gov/about/budget-performance,2
https://www.atf.gov/atf-tips,1
https://www.atf.gov/resource-center/accessibility-policy,1
https://www.atf.gov/about/explosives-detection-canines,2
https://www.atf.gov/our-history/eliot-ness,2
https://www.atf.gov/about/organization-structure,2
https://www.atf.gov/our-history/fallen-agents,2
https://www.atf.gov/our-history/blast-past,2
https://www.atf.gov/our-history/atfs-legacy-diversity,2
https://www.atf.gov/our-history/photo-gallery-2,2
https://www.atf.gov/questions-and-answers,2
https://www.atf.gov/our-history/our-history,2
https://www.atf.gov/resource-center/data-statistics,2
https://www.atf.gov/our-history/atf-history-timeline,2
https://www.atf.gov/our-history/blast-past,2
https://www.atf.gov/our-history/atfs-legacy-diversity,2
https://www.atf.gov/our-history/photo-gallery-2,2
https://www.atf.gov/our-history/atf-history-timeline,2
https://www.atf.gov/our-history/our-history,2
https://www.atf.gov/contact/victim-witness-assistance-program,2
https://www.atf.gov/resource-center/asset-forfeiture,2
https://www.atf.gov/our-history/fallen-agents%20,2
https://www.atf.gov/our-history/eliot-ness,2
https://www.atf.gov/resource-center/freedom-information-act-foia,2
https://www.atf.gov/contact/atf-field-divisions,2
https://www.atf.gov/firearms/report-firearms-theft-or-loss-0,2
https://www.atf.gov/about/docs/atf-organization-structure-pdf/download,2
https://www.atf.gov/explosives/report-explosives-theft-or-loss,2
https://www.atf.gov/news/atf-stories,2
https://www.atf.gov/contact/give-us-your-feedback,2
https://www.atf.gov/firearms/docs/undefined/federal-firearms-telephone-directory/download,2
https://www.atf.gov/careers/learning-and-training,2
https://www.atf.gov/careers/conferences-and-events,2
https://www.atf.gov/resource-center/data-statistics,2
https://www.atf.gov/careers/internships,2
https://www.atf.gov/contact/report-employee-misconduct,2
https://www.atf.gov/distribution-center-order-form,2
https://www.atf.gov/firearms/listing-federal-firearms-licensees-ffls-2016,2
https://www.atf.gov/firearms/report-firearms-theft-or-loss-0,2
https://www.atf.gov/careers/preparing-atf-special-agent-exam,2
https://www.atf.gov/careers/pre-employment-physical-task-test,2
https://www.atf.gov/explosives/report-explosives-theft-or-loss,2
https://www.atf.gov/careers/atf-recruiter-contacts,2
https://www.atf.gov/careers/salary-benefits,2
https://www.atf.gov/careers/drug-policy,2
https://www.atf.gov/baltimore-field-division,2
https://www.atf.gov/careers/industry-operations-investigator-salary-benefits,2
https://www.atf.gov/boston-field-division,2
https://www.atf.gov/columbus-field-division,2
https://www.atf.gov/charlotte-field-division,2
https://www.atf.gov/dallas-field-division,2
https://www.atf.gov/denver-field-division,2
https://www.atf.gov/atlanta-field-division,2
https://www.atf.gov/detroit-field-division,2
https://www.atf.gov/houston-field-division,2
https://www.atf.gov/kansas-city-field-division,2
https://www.atf.gov/los-angeles-field-division,2
https://www.atf.gov/miami-field-division,2
https://www.atf.gov/louisville-field-division,2
https://www.atf.gov/nashville-field-division,2
https://www.atf.gov/resource-center/docs/atfp23104sainfopacket2014pdf/download,2
https://www.atf.gov/newark-field-division,2
https://www.atf.gov/philadelphia-field-division,2
https://www.atf.gov/seattle-field-division,2
https://www.atf.gov/phoenix-field-division,2
https://www.atf.gov/san-francisco-field-division,2
https://www.atf.gov/st-paul-field-division,2
https://www.atf.gov/tampa-field-division,2
https://www.atf.gov/careers/forensics,2
https://www.atf.gov/new-orleans-field-division,2
https://www.atf.gov/careers/administrative,2
https://www.atf.gov/careers/intelligence-research,2
https://www.atf.gov/new-york-field-division/new-york-field-division-news,2
https://www.atf.gov/new-york-field-division/meet-special-agent-charge,2
https://www.atf.gov/new-york-field-division/new-york-field-offices,2
https://www.atf.gov/new-york-field-division/about-new-york-field-division,2
https://www.atf.gov/news/pr/armed-robber-sentenced-15-years-prison,2
https://www.atf.gov/news/pr/albany-man-pleads-guilty-illegally-possessing-firearm,2
https://www.atf.gov/news/pr/niagara-falls-man-pleads-guilty-heroin-charge,2
https://www.atf.gov/news/pr/defendants-charged-armed-robbery-jewelry-store-downtown-brooklyn,2
https://www.atf.gov/news/pr/buffalo-man-pleads-guilty-fentanyl-and-gun-charges,2
https://www.atf.gov/washington-field-division/about-washington-field-division,2
https://www.atf.gov/resource-center/fact-sheets,2
https://www.atf.gov/washington-field-division/washington-field-division-news,2
https://www.atf.gov/washington-field-division/district-columbia-field-offices,2
https://www.atf.gov/news/docs/undefined/nyfielddivision-40krewardposterpdf/download,2
https://www.atf.gov/news/pr/man-sentenced-armed-robbery-pizza-restaurant,2
https://www.atf.gov/washington-field-division/virginia-field-offices,2
https://www.atf.gov/news/pr/man-sentenced-armed-robberies-tidewater-businesses,2
https://www.atf.gov/news/pr/armed-robber-sentenced-33-years-prison,2
https://www.atf.gov/firearms/listing-federal-firearms-licensees-ffls-2015,2
https://www.atf.gov/news/pr/final-defendant-sentenced-crack-distribution-conspiracy,2
https://www.atf.gov/news/pr/two-men-convicted-burglarizing-firearms-dealers,2
https://www.atf.gov/washington-field-division/docs/undefined/fbijointpressrelease-alexandriashootingpdf/download,2
https://www.atf.gov/chicago-field-division/chicago-field-division-news,2
https://www.atf.gov/chicago-field-division/about-chicago-field-division,2
https://www.atf.gov/news/docs/undefined/fbijointpressrelease-alexandriashootingupdate6617pdf/download,2
https://www.atf.gov/washington-field-division/docs/undefined/fbijointpressrelease-alexandriashootingupdatepdf/download,2
https://www.atf.gov/news/docs/undefined/arrest-made-homicide-investigation-local-gas-station/download,2
https://www.atf.gov/chicago-field-division/chicago-field-offices,2
https://www.atf.gov/news/pr/fort-wayne-man-sentenced-324-months,2
https://www.atf.gov/chicago-field-division/indiana-field-offices,2
https://www.atf.gov/chicago-field-division/meet-special-agent-charge,2
https://www.atf.gov/news/pr/winona-lake-man-charged-drug-and-gun-offenses,2
https://www.atf.gov/news/pr/convicted-felon-sentenced-eleven-years-federal-prison-stealing-firearms-cargo-train,2
https://www.atf.gov/news/pr/united-states-attorney-announces-indictment-east-chicago-indiana-post-office-bombing,2
https://www.atf.gov/chicago-field-division/docs/undefined/madigan-cookcountyresidentsentencedforgunrunningpdf/download,2
https://www.atf.gov/chicago-field-division/docs/undefined/madigan-known-gang-member-indicted-gunrunning-charges/download,2
https://www.atf.gov/news/docs/two-rockford-men-charged-various-gun-crimes/download,2
https://www.atf.gov/news/docs/joint-city-federal-task-force-completes-fire-investigation/download,2
https://www.atf.gov/news/docs/cpd-arrests-seventy-four-gang-enforcement-missions/download,2
https://www.atf.gov/news/pr/three-rockford-residents-arrested-federal-heroin-conspiracy-charges-and-fourth-resident,2
https://www.atf.gov/news/docs/19-charged-atf-and-aurora-police-joint-operation/download,2
https://www.atf.gov/firearms/tools-services-law-enforcement,2
https://www.atf.gov/alcohol-tobacco/prevent-all-cigarette-trafficking-act-pact-2009,2
https://www.atf.gov/firearms/docs/guide/department-defense-contractor-inspections-atf-inspection-process-firearms/download,2
https://www.atf.gov/alcohol-tobacco/docs/department-justice-office-tribal-justice-patriot-act-consultation/download,2
https://www.atf.gov/arson/tools-and-services-arson-enforcement,2
https://www.atf.gov/alcohol-tobacco/docs/response-tribal-consultations-implementation-certain-provisions-usa/download,2
https://www.atf.gov/rules-and-regulations/docs/undefined/proposed-atf-form-6nia-53303d/download,2
https://www.atf.gov/firearms/tools-services-firearms-industry,2
https://www.atf.gov/arson/atf-fire-research-laboratory,2
https://www.atf.gov/arson/atf-fire-research-laboratory-gasoline-flame-jetting-videos,2
https://www.atf.gov/rules-and-regulations/docs/undefined/form-6a-53303c/download,2
https://www.atf.gov/explosives/bomb-arson-tracking-system-bats,2
https://www.atf.gov/explosives/tools-services-law-enforcement,2
https://www.atf.gov/explosives/how,2
https://www.atf.gov/explosives/docs/guide/department-defense-contractor-inspections-atf-inspection-process-explosives/download,2
https://www.atf.gov/rules-and-regulations/open-letters,2
https://www.atf.gov/about/docs/undefined/current-processing-times-atf-applications/download,2
https://www.atf.gov/rules-and-regulations/national-firearms-act,2
https://www.atf.gov/explosives/docs/newsletter/explosives-industry-newsletter-june-2016/download,2
https://www.atf.gov/rules-and-regulations/gun-control-act,2
https://www.atf.gov/rules-and-regulations/general-notices,2
https://www.atf.gov/explosives/docs/newsletter/explosive-industry-newsletter-june-2016-addendum/download,2
https://www.atf.gov/rules-and-regulations/forms-and-information-collection,2
https://www.atf.gov/distribution-center-order-form,2
https://www.atf.gov/rules-and-regulations/firearms-rulings,2
https://www.atf.gov/news/pr/new-partnership-technology-fights-violent-gun-crime-southern-colorado,2
https://www.atf.gov/news/pr/orientaci%C3%B3n-sobre-preparaci%C3%B3n-de-desastres-para-poseedores-de-licencias-federales-de-armas,2
https://www.atf.gov/explosives/docs/newsletter/explosives-industry-newsletter-july-2017/download,2
https://www.atf.gov/denver-field-division,2
https://www.atf.gov/news/pr/guidance-disaster-preparedness-federal-firearms-licensees-and-federal-explosives-licensees,2
https://www.atf.gov/news/pr/guidance-disaster-preparedness-federal-explosives-licensees-and-permittees,2
https://www.atf.gov/news/pr/guidance-disaster-preparedness-federal-explosives-licensees-and-permittees-0,2
https://www.atf.gov/,2
https://www.atf.gov/news/pr/guidance-disaster-preparedness-federal-explosives-licensees-and-permittees-1,2
https://www.atf.gov/news/pr/guidance-disaster-preparedness-federal-firearms-licensees-and-explosives-licensees-and,2
https://www.atf.gov/news/pr/guidance-disaster-preparedness-federal-firearms-licensees-3,2
https://www.atf.gov/houston-field-division,2
https://www.atf.gov/new-orleans-field-division,2
https://www.atf.gov/news/pr/guidance-disaster-preparedness-federal-firearms-licensees-4,2
https://www.atf.gov/news/pr/k-9-teams-train-explosive-detection-skills,2
https://www.atf.gov/news/pr/guidance-disaster-preparedness-federal-firearms-licensees-1,2
https://www.atf.gov/news/pr/atf-la-impact-glendale-pd-collaborate-and-test-fire-hundreds-crime-guns-produce-leads,2
https://www.atf.gov/st-paul-field-division,2
https://www.atf.gov/news/pr/victoria-islamic-center,2
https://www.atf.gov/news/pr/atf-colorado-springs-pd-demonstrate-mobile-app-explosives-reporting,2
https://www.atf.gov/los-angeles-field-division,2
https://www.atf.gov/news/pr/atf-build-beeping-eggs-visually-impaired-children,2
https://www.atf.gov/news/pr/guidance-disaster-preparedness-federal-firearms-licensees,2
https://www.atf.gov/houston-field-division/pr/atf-sfmo-announce-origin-and-cause-west-texas-fatality-fire,2
https://www.atf.gov/news/pr/local-k-9-teams-demonstrate-explosive-detection-skills,2
https://www.atf.gov/news/pr/telephone-fraud-scheme-used-request-money-transfer-firearms,2
https://www.atf.gov/tampa-field-division,2
https://www.atf.gov/news/pr/atf-conduct-international-fire-and-explosive-training,2
https://www.atf.gov/news/pr/notice-those-commenting-armor-piercing-ammunition-exemption-framework,2
https://www.atf.gov/news/pr/atf-partnership-national-explosives-task-force-netf-issues-public-safety-advisory-exploding,2
https://www.atf.gov/news/pr/armor-piercing-ammunition-exemption-framework,2
https://www.atf.gov/news/pr/press-conference-new-haven-ct,2
https://www.atf.gov/news/pr/test-examination-and-classification-7n6-545x39-ammunition,2
https://www.atf.gov/atf-most-wanted/erik-elortegui,2
https://www.atf.gov/atf-most-wanted/keyon-manning,2
https://www.atf.gov/atf-most-wanted/oudit-seenarain,2
https://www.atf.gov/washington-field-division,2
https://www.atf.gov/atf-most-wanted/efrein-gonzalez,2
https://www.atf.gov/resource-center/atf-infographics,2
https://www.atf.gov/atf-most-wanted/paul-mcelwain,2
https://www.atf.gov/atf-most-wanted/jorge-fredy-rivera-espana,2
https://www.atf.gov/atf-most-wanted/michael-strain,2
https://www.atf.gov/atf-most-wanted/paulo-lopez-garcia,2
https://www.atf.gov/atf-most-wanted/stephen-campbell,2
https://www.atf.gov/news/pr/felon-hobbs-sentenced-five-years-prison-violating-fedreal-firearms-laws,2
https://www.atf.gov/news/pr/grundy-led-drug-trafficking-organization-faces-federal-charges,2
https://www.atf.gov/chicago-field-division,2
https://www.atf.gov/news/pr/getaway-driver-pleads-guilty-village-west-robbery,2
https://www.atf.gov/columbus-field-division,2
https://www.atf.gov/phoenix-field-division,2
https://www.atf.gov/news/pr/selling-meth-lands-corpus-men-federal-prison,2
https://www.atf.gov/news/pr/15-members-and-associates-aryan-circle-gang-indicted-drug-offenses,2
https://www.atf.gov/kansas-city-field-division,2
https://www.atf.gov/rules-and-regulations/other-rulings,2
https://www.atf.gov/news/pr/montgomery-man-sentenced-10-years-federal-prison-after-shootout-convenience-store,2
https://www.atf.gov/news/pr/montgomery-man-sentenced-10-years-prison-being-felon-possession-firearm,2
https://www.atf.gov/news/pr/alaska-man-found-guilty-possessing-firearms-convicted-felon,2
https://www.atf.gov/nashville-field-division,2
https://www.atf.gov/dallas-field-division,2
https://www.atf.gov/news/pr/clovis-man-pleads-guilty-violating-federal-firearms-laws-possessing-unregistered-sawede,2
https://www.atf.gov/news/pr/fourteen-ties-violent-ynb-stretch-gang-indicted-durg-and-firearm-offenses,2
https://www.atf.gov/news/pr/final-jewelry-heist-defendant-sentenced,2
https://www.atf.gov/seattle-field-division,2
https://www.atf.gov/news/pr/50th-defendant-sentenced-federal-charges-arising-out-atf-led-operation-targeting-drug,2
https://www.atf.gov/news/pr/cincinnati-men-charged-9-robberies-area-udf-stores-gas-stations,2
https://www.atf.gov/new-york-field-division,2
https://www.atf.gov/news/pr/two-men-charged-theft-more-70-firearms-gun-stores,2
https://www.atf.gov/news/pr/grand-jury-returns-five-indictments,2
https://www.atf.gov/news/pr/york-gang-member-sentenced-25-years-prison,2
https://www.atf.gov/news/pr/firearms-smugglers-sentenced,2
https://www.atf.gov/rules-and-regulations/explosives-rulings,2
https://www.atf.gov/news/pr/activity-united-states-attorneys-office-sentences-1,2
https://www.atf.gov/philadelphia-field-division,2
https://www.atf.gov/news/pr/kinston-man-sentenced-robbery-and-firearm-offenses,2
https://www.atf.gov/news/pr/reward-offered-decatur-firearms-burglary,2
https://www.atf.gov/news/pr/atf-national-shooting-sports-foundation-offer-reward-multiple-gun-store-burglaries,2
https://www.atf.gov/charlotte-field-division,2
https://www.atf.gov/news/pr/atf-firearms-industry-offer-reward-greenwood-gun-store-burglary,2
https://www.atf.gov/news/pr/atf-announces-reward-information-leading-arrest-murder-suspect-officer%E2%80%99s-death,2
https://www.atf.gov/news/pr/atf-firearms-industry-offer-reward-seville-gun-store-burglary,2
https://www.atf.gov/news/pr/reward-offered-morgan-firearms-burglary,2
https://www.atf.gov/atlanta-field-division,2
https://www.atf.gov/news/pr/atf-and-firearms-industry-offer-10000-joint-reward,2
https://www.atf.gov/news/pr/atf-offers-5000-reward-info-violent-gun-store-burglary,2
https://www.atf.gov/news/pr/atf-offers-5000-reward-petra-restaurant-fire,2
https://www.atf.gov/news/pr/atf-offers-reward-gun-store-burglary-32,2
https://www.atf.gov/detroit-field-division,2
https://www.atf.gov/news/pr/atf-firearms-industry-offer-reward-columbus-gun-story-burglary,2
https://www.atf.gov/news/pr/atf-nssf-offer-15000-information-about-burglary-target-sports,2
https://www.atf.gov/news/pr/atf-nssf-offer-10000-information-about-burglary-turnpike-lodge-guns-gear,2
https://www.atf.gov/news/pr/atf-and-rhode-island-arson-watch-reward-program-offer-10000-reward-west-warwick-attempted,2
https://www.atf.gov/boston-field-division,2
https://www.atf.gov/news/pr/atf-offers-25000-reward-interstate-firearms-theft-ups-facility,2
https://www.atf.gov/news/pr/atf-nssf-offering-reward-10000-information-firearms-theft-0,2
https://www.atf.gov/news/pr/atf-offers-5000-reward-information-colorado-springs-gun-store-burglary,2
https://www.atf.gov/news/pr/atf-offers-7000-reward-gun-store-theft,2
https://www.atf.gov/news/pr/atf-offers-reward-gun-store-theft-4,2
https://www.atf.gov/resource-center/accessibility-policy,2
https://www.atf.gov/news/pr/atf-firearms-industry-offer-reward-10000-kwik-cash-pawn-ffl-burglary,2
https://www.atf.gov/file/3401/download,2
https://www.atf.gov/news/pr/atf-offers-reward-gun-store-burglaries-0,2
https://www.atf.gov/resource-center/business-opportunities,2
https://www.atf.gov/news/pr/atf-and-firearms-industry-offer-reward-5000-storied-firearms-ffl-burglary,2
https://www.atf.gov/news/pr/8000-reward-information-kingwood-guns-burglary,2
https://www.atf.gov/news/pr/atf-offers-reward-gun-store-theft-3,2
https://www.atf.gov/news/pr/atf-gap-inc-offer-25000-information-about-fishkill-fire,2
https://www.atf.gov/file/11411/download,2
https://www.atf.gov/file/11476/download,2
https://www.atf.gov/file/11416/download,2
https://www.atf.gov/file/61586/download,2
https://www.atf.gov/file/61501/download,2
https://www.atf.gov/file/61526/download,2
https://www.atf.gov/file/56326/download,2
https://www.atf.gov/file/84741/download,2
https://www.atf.gov/file/88396/download,2
https://www.atf.gov/file/61631/download,2
https://www.atf.gov/file/83701/download,2
https://www.atf.gov/file/11281/download,2
https://www.atf.gov/file/11796/download,2
https://www.atf.gov/firearms/docs/form/report-firearms-transactions-atf-form-53005/download,2
https://www.atf.gov/file/11291/download,2
https://www.atf.gov/file/11321/download,2
https://www.atf.gov/file/11326/download,2
https://www.atf.gov/file/11311/download,2
https://www.atf.gov/file/11336/download,2
https://www.atf.gov/our-history/photo-gallery-0,2
https://www.atf.gov/file/11341/download,2
https://www.atf.gov/file/11356/download,2
https://www.atf.gov/file/11351/download,2
https://www.atf.gov/file/11361/download,2
https://www.atf.gov/file/11346/download,2
https://www.atf.gov/firearms/photo-gallery/rifles,2
https://www.atf.gov/firearms/photo-gallery-1,2
https://www.atf.gov/firearms/photo-gallery-0,2
https://www.atf.gov/our-history/photo-gallery,2
https://www.atf.gov/firearms/photo-gallery-5,2
https://www.atf.gov/our-history/photo-gallery-1,2
https://www.atf.gov/explosives/photo-gallery-0,2
https://www.atf.gov/about/atf-canine-training-center,2
https://www.atf.gov/explosives/photo-gallery,2
https://www.atf.gov/firearms/photo-gallery-3,2
https://www.atf.gov/firearms/photo-gallery-2,2
https://www.atf.gov/about/k9/aggie,2
https://www.atf.gov/about/k9/andi,2
https://www.atf.gov/about/k9/abby,2
https://www.atf.gov/about/k9/bo,2
https://www.atf.gov/about/k9/bonny,2
https://www.atf.gov/about/seek-program,2
https://www.atf.gov/about/k9/allegra,2
https://www.atf.gov/firearms/photo-gallery,2
https://www.atf.gov/about/k9/deja,2
https://www.atf.gov/about/k9/brock,2
https://www.atf.gov/about/k9/europa,2
https://www.atf.gov/about/k9/dolly,2
https://www.atf.gov/about/k9/kara,2
https://www.atf.gov/about/k9/cassie,2
https://www.atf.gov/about/k9/hamlet,2
https://www.atf.gov/about/k9/glow,2
https://www.atf.gov/about/k9/isis,2
https://www.atf.gov/about/k9/martina,2
https://www.atf.gov/about/k9/nanny,2
https://www.atf.gov/about/k9/jam,2
https://www.atf.gov/about/k9/opey,2
https://www.atf.gov/about/k9/jax,2
https://www.atf.gov/about/k9/randi,2
https://www.atf.gov/about/k9/kira,2
https://www.atf.gov/file/55781/download,2
https://www.atf.gov/about/k9/sunny,2
https://www.atf.gov/about/k9/sable,2
https://www.atf.gov/file/55796/download,2
https://www.atf.gov/explosives/k9/ranger,2
https://www.atf.gov/about/k9/ting,2
https://www.atf.gov/file/55811/download,2
https://www.atf.gov/file/55801/download,2
https://www.atf.gov/file/55806/download,2
https://www.atf.gov/file/55816/download,2
https://www.atf.gov/file/55846/download,2
https://www.atf.gov/file/55826/download,2
https://www.atf.gov/file/55831/download,2
https://www.atf.gov/about/k9/vegas,2
https://www.atf.gov/about/k9/titan,2
https://www.atf.gov/file/55861/download,2
https://www.atf.gov/file/55871/download,2
https://www.atf.gov/file/55856/download,2
https://www.atf.gov/file/55876/download,2
https://www.atf.gov/file/55866/download,2
https://www.atf.gov/file/55881/download,2
https://www.atf.gov/file/55886/download,2
https://www.atf.gov/file/55891/download,2
https://www.atf.gov/file/55901/download,2
https://www.atf.gov/file/55931/download,2
https://www.atf.gov/file/56281/download,2
https://www.atf.gov/resource-center/fact-sheet/fact-sheet-atf-certified-explosives-specialist-ces,2
https://www.atf.gov/file/56301/download,2
https://www.atf.gov/file/56311/download,2
https://www.atf.gov/file/57886/download,2
https://www.atf.gov/file/57801/download,2
https://www.atf.gov/resource-center/fact-sheet/fact-sheet-atf-financial-investigative-services-division,2
https://www.atf.gov/file/56646/download,2
https://www.atf.gov/resource-center/fact-sheet/fact-sheet-etrace-internet-based-firearms-tracing-and-analysis,2
https://www.atf.gov/resource-center/fact-sheet/fact-sheet-explosives-enforcement-officer-eeo,2
https://www.atf.gov/resource-center/fact-sheet/fact-sheet-atf-national-academy,2
https://www.atf.gov/resource-center/fact-sheet/fact-sheet-atf-staffing-and-budget,2
https://www.atf.gov/resource-center/fact-sheet/fact-sheet-federal-firearms-compliance-inspections-and-revocation-process,2
https://www.atf.gov/resource-center/fact-sheet/fact-sheet-federal-firearms-and-explosives-licenses-types,2
https://www.atf.gov/resource-center/fact-sheet/fact-sheet-explosives-united-states,2
https://www.atf.gov/resource-center/fact-sheet/fact-sheet-atf-laboratory-services,2
https://www.atf.gov/resource-center/fact-sheet/fact-sheet-certified-fire-investigators-cfi,2
https://www.atf.gov/resource-center/fact-sheet/fact-sheet-atf-national-canine-division,2
https://www.atf.gov/resource-center/fact-sheet/fact-sheet-criminal-profiling-program,2
https://www.atf.gov/resource-center/fact-sheet/fact-sheet-fire-research-laboratory,2
https://www.atf.gov/resource-center/fact-sheet/fact-sheet-illegal-explosive-devices,2
https://www.atf.gov/resource-center/fact-sheet/fact-sheet-facts-and-figures-fiscal-year-2016,2
https://www.atf.gov/resource-center/fact-sheet/fact-sheet-multiple-firearms-sales-or-other-disposition-reporting,2
https://www.atf.gov/resource-center/fact-sheet/fact-sheet-firearms-trafficking-interdiction-branch,2
https://www.atf.gov/resource-center/fact-sheet/fact-sheet-firearms-and-ammunition-technology-division,2
https://www.atf.gov/resource-center/fact-sheet/fact-sheet-gang-resistance-education-and-training-great-program,2
https://www.atf.gov/resource-center/fact-sheet/fact-sheet-fireworks,2
https://www.atf.gov/resource-center/fact-sheet/fact-sheet-frontline,2
https://www.atf.gov/resource-center/fact-sheet/fact-sheet-internet-investigations-center,2
https://www.atf.gov/resource-center/fact-sheet/fact-sheet-international-affairs-division,2
https://www.atf.gov/file/58751/download,2
https://www.atf.gov/file/3851/download,2
https://www.atf.gov/resource-center/fact-sheet/fact-sheet-national-and-international-response-team,2
https://www.atf.gov/file/59611/download,2
https://www.atf.gov/file/61081/download,2
https://www.atf.gov/file/62096/download,2
https://www.atf.gov/file/83906/download,2
https://www.atf.gov/file/83876/download,2
https://www.atf.gov/file/61111/download,2
https://www.atf.gov/file/83731/download,2
https://www.atf.gov/file/83696/download,2
https://www.atf.gov/file/62091/download,2
https://www.atf.gov/file/84181/download,2
https://www.atf.gov/file/84041/download,2
https://www.atf.gov/file/84111/download,2
https://www.atf.gov/file/84141/download,2
https://www.atf.gov/file/84126/download,2
https://www.atf.gov/file/84221/download,2
https://www.atf.gov/file/84216/download,2
https://www.atf.gov/file/84186/download,2
https://www.atf.gov/file/84746/download,2
https://www.atf.gov/file/84546/download,2
https://www.atf.gov/file/84796/download,2
https://www.atf.gov/file/84526/download,2
https://www.atf.gov/file/84781/download,2
https://www.atf.gov/file/84941/download,2
https://www.atf.gov/resource-center/docs/foia/responsespdf/download,2
https://www.atf.gov/resource-center/docs/foia/responsespdf,2
https://www.atf.gov/resource-center/docs/foia/atf-submissions-public-comment-mayors-against-illegal-guns-coalition-par-0,2
https://www.atf.gov/resource-center/docs/foia/atf-submissions-public-comment-mayors-against-illegal-guns-coalition-par-0/download,2
https://www.atf.gov/resource-center/docs/foia/atf-submissions-public-comment-mayors-against-illegal-guns-coalition-part/download,2
https://www.atf.gov/resource-center/docs/foia/atf-submissions-public-comment-mayors-against-illegal-guns-coalition-par-2,2
https://www.atf.gov/resource-center/docs/foia/atf-submissions-public-comment-mayors-against-illegal-guns-coalition-part,2
https://www.atf.gov/resource-center/docs/foia/atf-submissions-public-comment-mayors-against-illegal-guns-coalition-par-1,2
https://www.atf.gov/resource-center/docs/foia/atf-submissions-public-comment-mayors-against-illegal-guns-coalition-par-3/download,2
https://www.atf.gov/resource-center/docs/foia/atf-submissions-public-comment-mayors-against-illegal-guns-coalition-par-2/download,2
https://www.atf.gov/resource-center/docs/foia/atf-submissions-public-comment-mayors-against-illegal-guns-coalition-par-3,2
https://www.atf.gov/resource-center/docs/foia/b-responsespdf,2
https://www.atf.gov/resource-center/docs/foia/bats-privacy-impact-assessment/download,2
https://www.atf.gov/resource-center/docs/foia/atf-submissions-public-comment-mayors-against-illegal-guns-coalition-par-1/download,2
https://www.atf.gov/resource-center/docs/foia/b-responsespdf/download,2
https://www.atf.gov/resource-center/docs/foia/c-responsespdf/download,2
https://www.atf.gov/resource-center/docs/foia/bats-privacy-impact-assessment,2
https://www.atf.gov/resource-center/docs/foia/d-responsespdf,2
https://www.atf.gov/resource-center/docs/foia/documents-related-operation-fast-and-furious-part-01,2
https://www.atf.gov/resource-center/docs/foia/c-responsespdf,2
https://www.atf.gov/resource-center/docs/foia/d-responsespdf/download,2
https://www.atf.gov/resource-center/docs/foia/documents-related-operation-fast-and-furious-part-03,2
https://www.atf.gov/resource-center/docs/foia/documents-related-operation-fast-and-furious-part-02,2
https://www.atf.gov/resource-center/docs/foia/documents-related-operation-fast-and-furious-part-04,2
https://www.atf.gov/resource-center/docs/foia/documents-related-operation-fast-and-furious-part-05,2
https://www.atf.gov/resource-center/docs/foia/documents-related-operation-fast-and-furious-part-06,2
https://www.atf.gov/resource-center/docs/foia/documents-related-operation-fast-and-furious-part-07,2
https://www.atf.gov/resource-center/docs/foia/documents-related-operation-fast-and-furious-part-08,2
https://www.atf.gov/resource-center/docs/foia/documents-related-operation-fast-and-furious-part-06/download,2
https://www.atf.gov/resource-center/docs/foia/documents-related-operation-fast-and-furious-part-09,2
https://www.atf.gov/resource-center/docs/foia/documents-related-operation-fast-and-furious-part-02/download,2
https://www.atf.gov/resource-center/docs/foia/documents-related-operation-fast-and-furious-part-03/download,2
https://www.atf.gov/resource-center/docs/foia/documents-related-operation-fast-and-furious-part-10,2
https://www.atf.gov/resource-center/docs/foia/documents-related-operation-fast-and-furious-part-01/download,2
https://www.atf.gov/resource-center/docs/foia/documents-related-operation-fast-and-furious-part-11,2
https://www.atf.gov/resource-center/docs/foia/documents-related-operation-fast-and-furious-part-04/download,2
https://www.atf.gov/resource-center/docs/foia/documents-related-operation-fast-and-furious-part-12,2
https://www.atf.gov/resource-center/docs/foia/documents-related-operation-fast-and-furious-part-13,2
https://www.atf.gov/resource-center/docs/foia/documents-related-operation-fast-and-furious-part-07/download,2
https://www.atf.gov/resource-center/docs/foia/documents-related-operation-fast-and-furious-part-14,2
https://www.atf.gov/resource-center/docs/foia/documents-related-operation-fast-and-furious-part-12/download,2
https://www.atf.gov/resource-center/docs/foia/e-responsespdf,2
https://www.atf.gov/resource-center/docs/foia/e-responsespdf/download,2
https://www.atf.gov/resource-center/docs/foia/documents-related-operation-fast-and-furious-part-08/download,2
https://www.atf.gov/questions-and-answers/all-qas-category,2
https://www.atf.gov/qa-category/3-d-printing-technology-firearms,2
https://www.atf.gov/qa-category/atf-form-4473,2
https://www.atf.gov/qa-category/afmer-atf-form-530011,2
https://www.atf.gov/resource-center/docs/foia/documents-related-operation-fast-and-furious-part-13/download,2
https://www.atf.gov/qa-category/auctioneers,2
https://www.atf.gov/qa-category/collectors,2
https://www.atf.gov/qa-category/atf-ruling-2016-5-guidance-marking-variance-government-defense-contractors,2
https://www.atf.gov/qa-category/gunsmiths,2
https://www.atf.gov/qa-category/imports-exports,2
https://www.atf.gov/resource-center/docs/foia/documents-related-operation-fast-and-furious-part-09/download,2
https://www.atf.gov/qa-category/general,2
https://www.atf.gov/qa-category/conduct-business,2
https://www.atf.gov/resource-center/docs/foia/documents-related-operation-fast-and-furious-part-11/download,2
https://www.atf.gov/qa-category/misdemeanor-crime-domestic-violence,2
https://www.atf.gov/qa-category/national-firearms-act-nfa,2
https://www.atf.gov/qa-category/national-instant-criminal-background-check-system-nics,2
https://www.atf.gov/qa-category/nonimmigrant-aliens,2
https://www.atf.gov/qa-category/machine-guns,2
https://www.atf.gov/qa-category/licensing,2
https://www.atf.gov/qa-category/receiver-blanks,2
https://www.atf.gov/qa-category/manufacturers,2
https://www.atf.gov/qa-category/theftloss-transit,2
https://www.atf.gov/qa-category/personal-collections-licensees,2
https://www.atf.gov/qa-category/imports-non-licensees,2
https://www.atf.gov/qa-category/unlicensed-persons,2
https://www.atf.gov/qa-category/pawnbrokers,2
https://www.atf.gov/qa-category/nfa-non-licensees,2
https://www.atf.gov/qa-category/record-required-licensees,2
https://www.atf.gov/firearms/qa/what-atf-doing-regards-people-making-their-own-firearms,2
https://www.atf.gov/firearms/qa/what-atf-doing-make-sure-technology-monitored-so-it-not-used-illegally,2
https://www.atf.gov/firearms/qa/what-say-does-atf-have-technology-used-produce-firearms,2
https://www.atf.gov/firearms/qa/what-will-atf-do-if-prohibited-person-manufacturing-firearm,2
https://www.atf.gov/firearms/qa/what-does-%E2%80%9Cany-other-weapon-mean,2
https://www.atf.gov/firearms/qa/atf-aware-new-3-d-printing-technology-producing-firearms,2
https://www.atf.gov/firearms/qa/firearm-illegal-if-it-made-plastic,2
https://www.atf.gov/firearms/qa/how-does-one-apply-license,2
https://www.atf.gov/resource-center/docs/foia/documents-related-operation-fast-and-furious-part-14/download,2
https://www.atf.gov/firearms/qa/can-individual-now-manufacture-these-firearms-and-sell-them,2
https://www.atf.gov/firearms/qa/if-individual-makes-item-falls-%E2%80%9Cany-other-weapon%E2%80%9D-category-individual-required-register,2
https://www.atf.gov/firearms/qa/when-notice-sent-out-what-year-atf-requesting,2
https://www.atf.gov/firearms/qa/what-does-atf-do-data-i-report,2
https://www.atf.gov/resource-center/docs/foia/documents-related-operation-fast-and-furious-part-10/download,2
https://www.atf.gov/firearms/qa/what-production-and-what-should-i-report,2
https://www.atf.gov/firearms/qa/what-best-way-submit-my-form,2
https://www.atf.gov/firearms/qa/it-okay-send-my-report-calendar-year-has-ended,2
https://www.atf.gov/firearms/qa/if-i-manufacture-weapon-do-not-sell-or-export-it-do-i-still-need-report-it,2
https://www.atf.gov/firearms/qa/if-i-purchase-firearm-and-manufactureremanufacture-it-different-firearm-do-i-need-report,2
https://www.atf.gov/firearms/qa/i-receive-firearm-receiverframe-another-licensed-manufacturer-intention-incorporate,2
https://www.atf.gov/firearms/qa/if-i-manufacture-gun-and-export-it-another-country-should-i-report-it-under-section-8,2
https://www.atf.gov/firearms/qa/i-have-license-manufacture-destructive-devices-type-10-ffl-based-form-instructions,2
https://www.atf.gov/firearms/qa/i-misplaced-afmer-form-was-sent-me-where-can-i-get-another-afmer-form,2
https://www.atf.gov/firearms/qa/i-am-manufacturer-and-i-gave-my-receiver-another-manufacturer-complete-and-sell-should-i,2
https://www.atf.gov/firearms/qa/does-afmer-form-530011-have-any-relationship-nfa-special-occupational-tax,2
https://www.atf.gov/firearms/qa/how-do-i-know-atf-received-my-report,2
https://www.atf.gov/qa-category/about-bats,2
https://www.atf.gov/firearms/qa/do-i-need-file-report-even-if-i-didn%E2%80%99t-manufacture-any-firearms-last-year,2
https://www.atf.gov/qa-category/fireworks,2
https://www.atf.gov/qa-category/applying-federal-explosives-license,2
https://www.atf.gov/qa-category/alcohol,2
https://www.atf.gov/qa-category/bats-case-management,2
https://www.atf.gov/qa-category/licenses-and-permits,2
https://www.atf.gov/qa-category/bats-access-requirements,2
https://www.atf.gov/qa-category/bats-training,2
https://www.atf.gov/qa-category/bats-support,2
https://www.atf.gov/qa-category/general-questions-explosives,2
https://www.atf.gov/qa-category/other-systems-importexport-tools-and-bats,2
https://www.atf.gov/qa-category/industry-operations-investigator,2
https://www.atf.gov/qa-category/plastic-explosives,2
https://www.atf.gov/explosives/qa/what-type-explosives-licenses-are-available,2
https://www.atf.gov/qa-category/us-bomb-data-center,2
https://www.atf.gov/qa-category/special-agent,2
https://www.atf.gov/qa-category/recordkeeping-requirements-explosives,2
https://www.atf.gov/explosives/qa/may-same-sex-spouse-deceased-licensee-including-special-occupational-taxpayer-carry,2
https://www.atf.gov/qa-category/storage-requirements,2
https://www.atf.gov/qa-category/tobacco,2
https://www.atf.gov/qa-category/us-military-explosives,2
https://www.atf.gov/explosives/qa/when-marking-imported-fireworks-do-i-have-mark-each-individual-display-shell-imported,2
https://www.atf.gov/explosives/qa/what-areas-fireworks-manufacturing-plant-are-considered-be-%E2%80%9Cfireworks-process,2
https://www.atf.gov/explosives/qa/what-types-fireworks-require-atf-license-or-permit-order-be-lawfully-transported-or,2
https://www.atf.gov/explosives/qa/we-hold-explosives-importer-license-under-which-we-import-display-fireworks-our,2
https://www.atf.gov/explosives/qa/must-partially-assembled-display-fireworks-be-removed-drying-building-overnight,2
https://www.atf.gov/explosives/qa/under-what-conditions-may-i-temporarily-store-display-fireworks-including-low,2
https://www.atf.gov/explosives/qa/i-store-display-fireworks-cakes-and-roman-candles-contain-only-salutes-are-these-cakes,2
https://www.atf.gov/explosives/qa/i-am-licensed-importer-display-fireworks-which-explosives-records-am-i-required-record,2
https://www.atf.gov/explosives/qa/how-must-display-fireworks-be-stored,2
https://www.atf.gov/explosives/qa/how-should-i-calculate-net-explosives-weight-display-fireworks-such-display-shells,2
https://www.atf.gov/explosives/qa/are-%E2%80%9Cdisplay-fireworks%E2%80%9D-considered-be-explosive-materials-subject-regulation-under,2
https://www.atf.gov/explosives/qa/when-must-atf-form-54004-%E2%80%9Climited-permittee-transaction-report-lptr%E2%80%9D-be-executed-and,2
https://www.atf.gov/explosives/qa/are-%E2%80%9Cconsumer-fireworks%E2%80%9D-subject-regulation-under-federal-explosives-laws,2
https://www.atf.gov/explosives/qa/am-i-required-mark-all-my-imported-display-fireworks-i-intend-sell-or-distribute,2
https://www.atf.gov/explosives/qa/are-%E2%80%9Carticles-pyrotechnic%E2%80%9D-subject-requirements-federal-explosives-regulations,2
https://www.atf.gov/explosives/qa/are-there-any-marking-requirements-display-fireworks-are-manufactured-hobby-and-do-not,2
https://www.atf.gov/explosives/qa/when-and-where-must-licensee-or-permittee-maintain-daily-summary-magazine-transactions,2
https://www.atf.gov/explosives/qa/may-i-keep-computerized-records,2
https://www.atf.gov/explosives/qa/there-requirement-licensees-and-permittees-make-annual-inventory-explosive-materials,2
https://www.atf.gov/explosives/qa/how-can-i-obtain-additional-copies-atf-forms,2
https://www.atf.gov/explosives/qa/how-do-i-account-packaged-fireworks-display-shows-daily-summary-magazine-transactions,2
https://www.atf.gov/explosives/qa/how-do-licensees-and-permittees-account-explosive-quantities-their-records,2
https://www.atf.gov/explosives/qa/does-purchaser-black-powder-have-sign-any-forms-time-purchase,2
https://www.atf.gov/careers/qa/what-are-requirements-becoming-atf-criminal-investigator-special-agent,2
https://www.atf.gov/careers/qa/i-am-currently-student-college-and-will-be-obtaining-four-year-degree-near-future-can-i,2
https://www.atf.gov/careers/qa/what-are-requirements-becoming-atf-industry-operations-investigator,2
https://www.atf.gov/careers/qa/special-agent-applicant-can-i-apply-specific-duty-location,2
https://www.atf.gov/careers/qa/will-atf-consider-applicants-arrest-record-or-history-drug-use,2
https://www.atf.gov/careers/qa/how-can-i-find-out-about-future-industry-operations-investigator-vacancy-announcements,2
https://www.atf.gov/careers/qa/how-can-current-special-agent-applicants-find-out-status-their-application,2
https://www.atf.gov/firearms/listing-federal-firearms-licensees-ffls-2016,2
https://www.atf.gov/careers/qa/how-can-current-industry-operations-investigator-applicants-find-out-status-their,2
https://www.atf.gov/careers/qa/i-have-already-taken-occupational-exam-another-federal-agency-do-i-still-have-take-exam,2
https://www.atf.gov/careers/qa/can-criminal-investigator-another-federal-agency-lateral-over-atf,2
https://www.atf.gov/explosives/docs/report/2016-explosives-incident-report/download,2
https://www.atf.gov/rules-and-regulations/docs/report/2015usbdcexplosiveincidentreportpdf/download,2
https://www.atf.gov/firearms/docs/report/firearms-trace-data-canada-cy-11-16pdf/download,2
https://www.atf.gov/firearms/docs/report/firearms-trace-data-mexico-cy-11-16pdf/download,2
https://www.atf.gov/about/firearms-trace-data-2014,2
https://www.atf.gov/firearms/docs/report/firearm-trace-data-central-america-cy-16pdf/download,2
https://www.atf.gov/about/firearms-trace-data-2015,2
https://www.atf.gov/resource-center/docs/foia/documents-related-operation-fast-and-furious-part-05/download,2
https://www.atf.gov/docs/internationalfirearmstracedatacanadacy2010-2015pdf/download,2
https://www.atf.gov/firearms/docs/report/firearms-trace-data-caribbean-cy-16pdf/download,2
https://www.atf.gov/about/firearms-trace-data-2013,2
https://www.atf.gov/arson/docs/report/2015-usbdc-arson-incident-report/download,2
https://www.atf.gov/docs/internationalfirearmstracedatacentralamericacy2015pdf/download,2
https://www.atf.gov/about/firearms-trace-data-2011,2
https://www.atf.gov/about/firearms-trace-data-2012,2
https://www.atf.gov/docs/internationalfirearmstracedatacaribbeancy2015pdf/download,2
https://www.atf.gov/about/firearms-trace-data-2009,2
https://www.atf.gov/resource-center/docs/cy2011-final-firearms-manufacturing-export-reportpdf/download,2
https://www.atf.gov/resource-center/docs/2010-final-firearms-manufacturing-export-reportpdf/download,2
https://www.atf.gov/about/firearms-trace-data-2010,2
https://www.atf.gov/firearms/docs/afmer-2014-final-report-cover-revised-format-2-17-16/download,2
https://www.atf.gov/about/firearms-trace-data-2008,2
https://www.atf.gov/resource-center/docs/afmer2013finalwebreportpdf/download,2
https://www.atf.gov/resource-center/docs/2009-firearms-manufacturers-export-reportpdf/download,2
https://www.atf.gov/docs/internationalfirearmstracedatamexicocy2010-2015pdf/download,2
https://www.atf.gov/resource-center/docs/2008-firearms-manufacturers-export-reportpdf/download,2
https://www.atf.gov/resource-center/docs/2007-firearms-manufacturers-export-reportpdf/download,2
https://www.atf.gov/resource-center/docs/afmer2012finalwebreport17jan2014pdf/download,2
https://www.atf.gov/resource-center/docs/undefined/afmer-2015-final/download,2
https://www.atf.gov/resource-center/docs/2016-firearms-commerce-united-states/download,2
https://www.atf.gov/resource-center/docs/report/firearms-commerce-us-annual-statistical-update-2012/download,2
https://www.atf.gov/about/docs/report/2015-report-firearms-commerce-us/download,2
https://www.atf.gov/resource-center/docs/undefined/osii508fflthefts-lossescy16pdf/download,2
https://www.atf.gov/firearms/docs/report/firearms-commerce-united-states-2011/download,2
https://www.atf.gov/explosives/apply-license,2
https://www.atf.gov/firearms/docs/report/firearms-commerce-us-annual-statistical-update-2013/download,2
https://www.atf.gov/resource-center/docs/2014-summary-firearms-reported-lost-and-stolenpdf/download,2
https://www.atf.gov/resource-center/docs/2012-firearms-reported-lost-and-stolenpdf-0/download,2
https://www.atf.gov/resource-center/docs/2013summary-firearmsreportedlostandstolenpdf/download,2
https://www.atf.gov/explosives/binary-explosives,2
https://www.atf.gov/firearms/docs/report/2015-summary-firearms-reported-lost-and-stolen/download,2
https://www.atf.gov/explosives/current-licensees,2
https://www.atf.gov/explosives/discontinue-being-federal-explosives-licensee-fel,2
https://www.atf.gov/explosives/explosives-safety-and-security,2
https://www.atf.gov/firearms/docs/undefined/2016tracestatsalabamapdf/download,2
https://www.atf.gov/explosives/apply-relief-explosives-disability,2
https://www.atf.gov/explosives/table-distances,2
https://www.atf.gov/firearms/firearms-and-explosives-industry-division-customer-service-standards,2
https://www.atf.gov/explosives/fireworks,2
https://www.atf.gov/firearms/docs/undefined/2016tracestatsalaskapdf/download,2
https://www.atf.gov/firearms/docs/undefined/2016tracestatsarizonapdf/download,2
https://www.atf.gov/firearms/docs/undefined/2016tracestatscaliforniapdf/download,2
https://www.atf.gov/firearms/docs/undefined/2016tracestatsarkansaspdf/download,2
https://www.atf.gov/firearms/docs/undefined/2016tracestatsconnecticutpdf/download,2
https://www.atf.gov/firearms/docs/undefined/2016tracestatsdistrictofcolumbiapdf/download,2
https://www.atf.gov/firearms/docs/undefined/2016tracestatscoloradopdf/download,2
https://www.atf.gov/firearms/docs/undefined/2016tracestatsfloridapdf/download,2
https://www.atf.gov/firearms/docs/undefined/2016tracestatsgeorgiapdf/download,2
https://www.atf.gov/firearms/docs/undefined/2016tracestatsguamandnorthernmarianaislandspdf/download,2
https://www.atf.gov/explosives/docs/undefined/2016tracestatshawaiipdf/download,2
https://www.atf.gov/firearms/docs/undefined/2016tracestatsdelawarepdf/download,2
https://www.atf.gov/firearms/docs/undefined/2016tracestatsidahopdf/download,2
https://www.atf.gov/explosives/download-federal-explosives-industry-newsletters,2
https://www.atf.gov/firearms/docs/undefined/2016tracestatsindianapdf/download,2
https://www.atf.gov/firearms/docs/undefined/2016tracestatskansaspdf/download,2
https://www.atf.gov/firearms/docs/undefined/2016tracestatslouisianapdf/download,2
https://www.atf.gov/firearms/docs/undefined/2016tracestatskentuckypdf/download,2
https://www.atf.gov/firearms/docs/undefined/2016tracestatsiowapdf/download,2
https://www.atf.gov/firearms/docs/undefined/2016tracestatsillinoispdf/download,2
https://www.atf.gov/firearms/docs/undefined/2016tracestatsmassachusettspdf/download,2
https://www.atf.gov/firearms/docs/undefined/2016tracestatsminnesotapdf/download,2
https://www.atf.gov/firearms/docs/undefined/2016tracestatsmainepdf/download,2
https://www.atf.gov/firearms/docs/undefined/2016tracestatsmichiganpdf/download,2
https://www.atf.gov/firearms/docs/undefined/2016tracestatsmissouripdf/download,2
https://www.atf.gov/firearms/docs/undefined/2016tracestatsmississippipdf/download,2
https://www.atf.gov/firearms/docs/undefined/2016tracestatsmarylandpdf/download,2
https://www.atf.gov/firearms/docs/undefined/2016tracestatsmontanapdf/download,2
https://www.atf.gov/firearms/docs/undefined/2016tracestatsnebraskapdf/download,2
https://www.atf.gov/firearms/docs/undefined/2016tracestatsnevadapdf/download,2
https://www.atf.gov/firearms/docs/undefined/2016tracestatsnewhampshirepdf/download,2
https://www.atf.gov/firearms/docs/undefined/2016tracestatsnewmexicopdf/download,2
https://www.atf.gov/firearms/docs/undefined/2016tracestatsnorthdakotapdf/download,2
https://www.atf.gov/firearms/docs/undefined/2016tracestatsnewjerseypdf/download,2
https://www.atf.gov/firearms/docs/undefined/2016tracestatsohiopdf/download,2
https://www.atf.gov/firearms/docs/undefined/2016tracestatsoklahomapdf/download,2
https://www.atf.gov/firearms/docs/undefined/2016tracestatsnewyorkpdf/download,2
https://www.atf.gov/firearms/docs/undefined/2016tracestatsnorthcarolinapdf/download,2
https://www.atf.gov/firearms/docs/undefined/2016tracestatsoregonpdf/download,2
https://www.atf.gov/firearms/docs/undefined/2016tracestatspennsylvaniapdf/download,2
https://www.atf.gov/firearms/docs/undefined/2016tracestatsrhodeislandpdf/download,2
https://www.atf.gov/firearms/docs/undefined/2016tracestatspuertoricopdf/download,2
https://www.atf.gov/explosives/docs/undefined/2016tracestatssouthcarolinapdf/download,2
https://www.atf.gov/firearms/docs/undefined/2016tracestatstennesseepdf/download,2
https://www.atf.gov/firearms/docs/undefined/2016tracestatsusvirginislandspdf/download,2
https://www.atf.gov/firearms/docs/undefined/2016tracestatsvermontpdf/download,2
https://www.atf.gov/firearms/docs/undefined/2016tracestatsutahpdf/download,2
https://www.atf.gov/firearms/docs/undefined/2016tracestatssouthdakotapdf/download,2
https://www.atf.gov/firearms/docs/undefined/2016tracestatswestvirginiapdf/download,2
https://www.atf.gov/firearms/docs/undefined/2016tracestatswyomingpdf/download,2
https://www.atf.gov/firearms/docs/undefined/2016tracestatswashingtonpdf/download,2
https://www.atf.gov/docs/undefined/2016tracestatsvirginiapdf/download,2
https://www.atf.gov/firearms/docs/undefined/2016tracestatswisconsinpdf/download,2
https://www.atf.gov/docs/undefined/calibersbystatecy2016xlsx/download,2
https://www.atf.gov/docs/undefined/categoriesbystatecy2016xlsx/download,2
https://www.atf.gov/docs/undefined/timetocrimebystatecy2016xlsx/download,2
https://www.atf.gov/firearms/docs/undefined/2016tracestatstexaspdf/download,2
https://www.atf.gov/docs/undefined/possessoragebystatecy2016xlsx/download,2
https://www.atf.gov/docs/undefined/sourcerecoverybystatecy2016xlsx/download,2
https://www.atf.gov/docs/undefined/ffltheftlossrcvrdandtracedcy2016xlsx/download,2
https://www.atf.gov/docs/undefined/finalttcsourcerecoverybystate-cy2016xlsx/download,2
https://www.atf.gov/docs/undefined/typesbystatecy2016xlsx/download,2
https://www.atf.gov/docs/finalsourcerecoverybystate-cy2010xlsx/download,2
https://www.atf.gov/docs/finalsourcerecoverybystate-cy2011xlsx/download,2
https://www.atf.gov/docs/finalttcsourcerecoverybystate-cy2010xlsx/download,2
https://www.atf.gov/docs/finalttcsourcerecoverybystate-cy2013xlsx/download,2
https://www.atf.gov/docs/thefthitsontracesbyrecstn-2012163880xlsx/download,2
https://www.atf.gov/docs/finalttcsourcerecoverybystate-cy2011xlsx/download,2
https://www.atf.gov/docs/thefthitsontracesbyrecstn-2010163878xlsx/download,2
https://www.atf.gov/docs/finalttcsourcerecoverybystate-cy2012xlsx/download,2
https://www.atf.gov/docs/thefthitsontracesbyrecstn-2011163879xlsx/download,2
https://www.atf.gov/home,2
https://www.atf.gov/docs/thefthitsontracesbyrecstn-2013163881xlsx/download,2
https://www.atf.gov/docs/finalttcsourcerecoverybystate-cy2014xlsx/download,2
https://www.atf.gov/firearms/docs/form/annual-firearms-manufacturing-and-exportation-report-afmer-atf-form-530011,2
https://www.atf.gov/firearms/applications-eforms,2
https://www.atf.gov/docs/thefthitsontracesbyrecstn-2014163882xlsx/download,2
https://www.atf.gov/firearms/docs/form/annual-firearms-manufacturing-and-exportation-report-afmer-atf-form-530011/download,2
https://www.atf.gov/firearms/docs/4473-part-1-firearms-transaction-record-over-counter-atf-form-53009/download,2
https://www.atf.gov/firearms/docs/form/application-amended-federal-firearms-license-atf-form-530038/download,2
https://www.atf.gov/news/pr/madison-man-convicted-gun-crime,2
https://www.atf.gov/firearms/docs/form/4473-registro-de-transacci%C3%B3n-de-armas-de-fuego/download,2
https://www.atf.gov/firearms/docs/form/4473-registro-de-transacci%C3%B3n-de-armas-de-fuego,2
https://www.atf.gov/firearms/docs/form/application-amended-federal-firearms-license-atf-form-530038,2
https://www.atf.gov/firearms/docs/4473-part-1-firearms-transaction-record-over-counter-atf-form-53009,2
https://www.atf.gov/firearms/docs/form/application-restoration-firearms-privileges-atf-form-32101/download,2
https://www.atf.gov/firearms/docs/form/atf-f-53304/download,2
https://www.atf.gov/firearms/docs/form/application-transport-interstate-or-temporarily-export-certain-national-firearms/download,2
https://www.atf.gov/firearms/docs/form/federal-firearms-licensee-theftloss-report-atf-form-331011/download,2
https://www.atf.gov/firearms/docs/form/federal-firearms-licensee-theftloss-report-atf-form-331011/download,2
https://www.atf.gov/firearms/docs/form/application-restoration-firearms-privileges-atf-form-32101,2
https://www.atf.gov/firearms/docs/form/atf-form-4590-factoring-criteria-weapons/download,2
https://www.atf.gov/firearms/docs/form/atf-form-4590-factoring-criteria-weapons,2
https://www.atf.gov/firearms/docs/form/application-transport-interstate-or-temporarily-export-certain-national-firearms,2
https://www.atf.gov/firearms/docs/form/f331012-draft-12-21-10pdf/download,2
https://www.atf.gov/firearms/docs/form/federal-firearms-licensee-theftloss-report-atf-form-331011/download,2
https://www.atf.gov/firearms/docs/form/certification-qualifying-state-relief-atf-e-form-321012/download,2
https://www.atf.gov/firearms/docs/form/certification-qualifying-state-relief-atf-e-form-321012,2
https://www.atf.gov/firearms/docs/form/federal-firearms-licensee-firearms-inventory-theftloss-continuation-sheet-atf/download,2
https://www.atf.gov/firearms/docs/form/finger-print-card-instructions-and-example-fd-258,2
https://www.atf.gov/firearms/docs/form/fipb-marking-variance-form-announcement/download,2
https://www.atf.gov/firearms/docs/form/atf-f-53304,2
https://www.atf.gov/firearms/docs/form/form-1-application-make-and-register-firearm-atf-form-53201,2
https://www.atf.gov/firearms/docs/form/finger-print-card-instructions-and-example-fd-258/download,2
https://www.atf.gov/firearms/docs/form/f331012-draft-12-21-10pdf,2
https://www.atf.gov/firearms/docs/form/form-2-notice-firearms-manufactured-or-imported-atf-form-53202,2
https://www.atf.gov/firearms/docs/form/form-10-application-registration-firearms-acquired-certain-governmental-entities/download,2
https://www.atf.gov/firearms/docs/form/form-2-notice-firearms-manufactured-or-imported-atf-form-53202/download,2
https://www.atf.gov/firearms/docs/form/form-1-application-make-and-register-firearm-atf-form-53201/download,2
https://www.atf.gov/firearms/docs/form/federal-firearms-licensee-firearms-inventory-theftloss-continuation-sheet-atf,2
https://www.atf.gov/firearms/docs/form/form-4-application-tax-paid-transfer-and-registration-firearm-atf-form-53204/download,2
https://www.atf.gov/firearms/docs/form/federal-firearms-licensee-theftloss-report-atf-form-331011,2
https://www.atf.gov/firearms/docs/form/form-3-application-tax-exempt-transfer-firearm-and-registration-special/download,2
https://www.atf.gov/firearms/docs/form/form-4-application-tax-paid-transfer-and-registration-firearm-atf-form-53204,2
https://www.atf.gov/firearms/docs/form/form-10-application-registration-firearms-acquired-certain-governmental-entities,2
https://www.atf.gov/firearms/docs/form/form-4587-application-register-importer-us-munitions-import-list-articles-atf/download,2
https://www.atf.gov/firearms/docs/form/form-4587-application-register-importer-us-munitions-import-list-articles-atf,2
https://www.atf.gov/firearms/docs/form/form-6a-release-and-receipt-imported-firearms-ammunition-and-implements-war-atf,2
https://www.atf.gov/firearms/docs/form/form-5-application-tax-exempt-transfer-and-registration-firearm-atf-form-53205/download,2
https://www.atf.gov/firearms/docs/form/form-3-application-tax-exempt-transfer-firearm-and-registration-special,2
https://www.atf.gov/firearms/docs/form/form-6-part-2-application-and-permit-importation-firearms-ammunition-and/download,2
https://www.atf.gov/firearms/docs/form/form-6-part-1-application-and-permit-importation-firearms-ammunition-and,2
https://www.atf.gov/firearms/docs/form/form-6-part-1-application-and-permit-importation-firearms-ammunition-and/download,2
https://www.atf.gov/firearms/docs/form/form-6-part-2-application-and-permit-importation-firearms-ammunition-and,2
https://www.atf.gov/careers/industry-operations-investigator-training,2
https://www.atf.gov/careers/docs/undefined/home-made-explosives-identification-process-disposal-course-id-expl-cs-0018/download,2
https://www.atf.gov/careers/docs/undefined/advanced-explosives-disposal-techniques-course-id-expl-cs-0001/download,2
https://www.atf.gov/careers/docs/form/advanced-origin-and-causecourtroom-techniques-course-id-arson-cs-0002/download,2
https://www.atf.gov/firearms/docs/form/form-5-application-tax-exempt-transfer-and-registration-firearm-atf-form-53205,2
https://www.atf.gov/careers/docs/undefined/post-blast-investigative-techniques-i-course-id-expl-cs-0013/download,2
https://www.atf.gov/firearms/docs/form/form-6a-release-and-receipt-imported-firearms-ammunition-and-implements-war-atf/download,2
https://www.atf.gov/explosives/docs/undefined/department-state-diplomatic-security-service-post-blast-investigative/download,2
https://www.atf.gov/alcohol-tobacco/qa/sale-alcohol-and-tobacco-minors,2
https://www.atf.gov/careers/special-agent-training,2
https://www.atf.gov/alcohol-tobacco/qa/what-should-consumer-know-about-purchasing-cigarettes-internet,2
https://www.atf.gov/explosives/docs/undefined/explosives-recognition-ied-exploitation-intel-analysts-course-id-expl-cs/download,2
https://www.atf.gov/explosives/docs/form/application-restoration-explosives-privileges-atf-form-540029/download,2
https://www.atf.gov/contact/atf-tips,2
https://www.atf.gov/alcohol-tobacco/qa/sale-alcohol-and-tobacco-minors-0,2
https://www.atf.gov/alcohol-tobacco/qa/business-acquiring-cigarettes-and-not-paying-taxes-them,2
https://www.atf.gov/alcohol-tobacco/docs/undefined/draft-prevent-all-cigarette-trafficking-pact-act-registration-form,2
https://www.atf.gov/alcohol-tobacco/qa/retail-store-selling-single-loose-cigarettes,2
https://www.atf.gov/alcohol-tobacco/qa/can-individuals-import-cigarettes-purchased-outside-us-personal-use,2
https://www.atf.gov/alcohol-tobacco/qa/someone-united-states-selling-cigarettes-or-other-tobacco-products-are-marked-,2
https://www.atf.gov/alcohol-tobacco/docs/rulemaking/implementation-usa-patriot-improvement-and-reauthorization-act-2005/download,2
https://www.atf.gov/alcohol-tobacco/docs/undefined/draft-prevent-all-cigarette-trafficking-pact-act-registration-form/download,2
https://www.atf.gov/resource-center/docs/open-letter-all-persons-who-sell-transfer-or-ship-profitt-cigs-2010-10-21pdf/download,2
https://www.atf.gov/alcohol-tobacco/docs/department-justice-office-tribal-justice-patriot-act-consultation,2
https://www.atf.gov/alcohol-tobacco/docs/open-letter/national-oct2010-open-letter-prevent-all-cigarette-trafficking-act/download,2
https://www.atf.gov/alcohol-tobacco/docs/notice-22p/download,2
https://www.atf.gov/alcohol-tobacco/docs/guide/prevent-all-cigarette-trafficking-pact-act-information-guide/download,2
https://www.atf.gov/alcohol-tobacco/docs/rulemaking/implementation-usa-patriot-improvement-and-reauthorization-act-2005,2
https://www.atf.gov/alcohol-tobacco/docs/notice-22p,2
https://www.atf.gov/alcohol-tobacco/docs/guide/prevent-all-cigarette-trafficking-pact-act-information-guide,2
https://www.atf.gov/alcohol-tobacco/docs/form/prevent-all-cigarette-trafficking-pact-act-registration-form-atf-form/download,2
https://www.atf.gov/resource-center/docs/open-letter-all-persons-who-sell-transfer-or-ship-profitt-cigs-2010-10-21pdf,2
https://www.atf.gov/alcohol-tobacco/docs/open-letter/national-oct2010-open-letter-prevent-all-cigarette-trafficking-act,2
https://www.atf.gov/alcohol-tobacco/docs/form/prevent-all-cigarette-trafficking-pact-act-registration-form-continuation/download,2
https://www.atf.gov/alcohol-tobacco/docs/undefined/state-excise-tax-rate-cigarettes/download,2
https://www.atf.gov/alcohol-tobacco/docs/response-tribal-consultations-implementation-certain-provisions-usa,2
https://www.atf.gov/alcohol-tobacco/docs/form/prevent-all-cigarette-trafficking-pact-act-registration-form-atf-form,2
https://www.atf.gov/firearms/national-firearms-act-handbook,2
https://www.atf.gov/alcohol-tobacco/docs/form/prevent-all-cigarette-trafficking-pact-act-registration-form-continuation,2
https://www.atf.gov/rules-and-regulations/%23How%20Does%20Final%20Rule%2041F%20Change%20Current%20NFA%20Regulations,2
https://www.atf.gov/alcohol-tobacco/docs/undefined/state-excise-tax-rate-cigarettes,2
https://www.atf.gov/rules-and-regulations/%23Related%20Research%20and%20Background%20Information,2
https://www.atf.gov/firearms/docs/form/national-firearms-act-nfa-responsible-person-questionnaire-532023/download,2
https://www.atf.gov/resource-center/docs/general41fquestionsandanswersupdated-6-28-16pdf/download,2
https://www.atf.gov/local-fugitives/ivan-reyes,2
https://www.atf.gov/rules-and-regulations/%23Related%20Resources,2
https://www.atf.gov/local-fugitives/jesus-ramirez,2
https://www.atf.gov/local-fugitives/sheriff-olaleran-mohammed,2
https://www.atf.gov/rules-and-regulations/%23Who%20is%20a%20Responsible%20Person,2
https://www.atf.gov/local-fugitives/steven-vega,2
https://www.atf.gov/rules-and-regulations/%23Contact%20Information,2
https://www.atf.gov/local-fugitives/barry-boyd,2
https://www.atf.gov/news,2
https://www.atf.gov/resource-center,2
https://www.atf.gov/resource-center/data-statistics,2
https://www.atf.gov/rules-and-regulations/rulings,2
https://www.atf.gov/contact/licensing-and-other-services,2
https://www.atf.gov/resource-center/docs/foia/whistleblower-protection-enhancement-act-2012/download,2
https://www.atf.gov/local-fugitives/lajuan-fitzpatrick,2
https://www.atf.gov/sites/default/files/assets/pdf-files/atf_p_2310_5_ioi_informational_packet.pdf,2
https://www.atf.gov/sites/default/files/assets/Firearms/FirearmsIndustry/eformsnews_1-15-15.pdf,2
https://www.atf.gov/n/sites/default/files/media/2017/11/draft_atf_f_3310._12.pdf,2
https://www.atf.gov/sites/default/files/assets/pdf-files/the_whistleblower_protection_enhancement_act_of2012_jjr_no_redline_font.pdf,2
https://www.atf.gov/files/regulations-rulings/rulemakings/notices/notice-968.pdf,2
https://www.atf.gov/sites/default/files/assets/statistics/tracedata-2012/canada_cy09-14.pdf,2
https://www.atf.gov/sites/default/files/assets/statistics/TraceData/TraceData_Intl/2014/caribbean_cy14_.pdf,2
https://www.atf.gov/sites/default/files/assets/statistics/tracedata-2012/central_america_-_cy_2014.pdf,2
https://www.atf.gov/sites/default/files/assets/statistics/tracedata-2012/mexico_cy09-14.pdf,2
https://www.atf.gov/files/forms/download/atf-f-5300-11.pdf,2
https://www.atf.gov/sites/default/files/assets/statistics/CommerceReport/firearms_commerce_annual_statistical_report_2014.pdf,2
https://www.atf.gov/n/sites/default/files/media/2017/11/draft_-_atf_form_6310.1_0.pdf,2
https://www.atf.gov/sites/default/files/assets/pdf-files/atf_system_of_records.pdf,2
https://www.atf.gov/sites/default/files/assets/pdf-files/doj_form_361.pdf,2
https://www.atf.gov/sites/default/files/assets/pdf-files/categories_of_requesters.pdf,2
https://www.atf.gov/sites/default/files/assets/pdf-files/citizens_guide_on_using_the_foia.pdf,2
https://www.atf.gov/sites/default/files/assets/pdf-files/your_right_to_federal_records.pdf,2
