https://www.eia.gov/nuclear/,1
https://www.eia.gov/petroleum/,1
https://www.eia.gov/totalenergy/,1
https://www.eia.gov/consumption/,1
https://www.eia.gov/petroleum/weekly/,1
https://www.eia.gov/electricity/,1
https://www.eia.gov/petroleum/supply/weekly/,1
https://www.eia.gov/renewable/,1
https://www.eia.gov/naturalgas/,1
https://www.eia.gov/coal/,1
https://www.eia.gov/naturalgas/weekly/,1
https://www.eia.gov/coal/production/quarterly/,1
https://www.eia.gov/electricity/monthly/,1
https://www.eia.gov/totalenergy/data/monthly/,1
https://www.eia.gov/electricity/data/browser/,1
https://www.eia.gov/consumption/residential/,1
https://www.eia.gov/finance/,1
https://www.eia.gov/environment/,1
https://www.eia.gov/outlooks/aeo/,1
https://www.eia.gov/outlooks/steo/,1
https://www.eia.gov/outlooks/ieo/,1
https://www.eia.gov/analysis/,1
https://www.eia.gov/state/,1
https://www.eia.gov/maps/,1
https://www.eia.gov/state/seds/,1
https://www.eia.gov/special/gulf_of_mexico/,1
https://www.eia.gov/tools/,1
https://www.eia.gov/special/disruptions/,1
https://www.eia.gov/tools/glossary/,1
https://www.eia.gov/tools/rssfeeds/,1
https://www.eia.gov/tools/emailupdates/,1
https://www.eia.gov/energyexplained/index.cfm?page=about_home,1
https://www.eia.gov/tools/faqs/,1
https://www.eia.gov/energyexplained/,1
https://www.eia.gov/state/maps.php,1
https://www.eia.gov/energyexplained/index.cfm?page=about_energy_units,1
https://www.eia.gov/energyexplained/index.cfm?page=us_energy_use,1
https://www.eia.gov/energyexplained/index.cfm?page=environment_home,1
https://www.eia.gov/todayinenergy/,1
https://www.eia.gov/energyexplained/index.cfm?page=electricity_home,1
https://www.eia.gov/energyexplained/index.cfm?page=hgls_home,1
https://www.eia.gov/energyexplained/index.cfm?page=oil_home,1
https://www.eia.gov/energyexplained/index.cfm?page=coal_home,1
https://www.eia.gov/energyexplained/index.cfm?page=nuclear_home,1
https://www.eia.gov/energyexplained/index.cfm?page=natural_gas_home,1
https://www.eia.gov/energyexplained/index.cfm?page=wind_home,1
https://www.eia.gov/energyexplained/index.cfm?page=geothermal_home,1
https://www.eia.gov/energyexplained/index.cfm?page=hydropower_home,1
https://www.eia.gov/energyexplained/index.cfm?page=solar_home,1
https://www.eia.gov/energyexplained/index.cfm?page=biofuel_home,1
https://www.eia.gov/pressroom/,1
https://www.eia.gov/tools/a-z/,1
https://www.eia.gov/about/new/,1
https://www.eia.gov/pressroom/releases.php,1
https://www.eia.gov/pressroom/testimony.php,1
https://www.eia.gov/pressroom/presentations.php,1
https://www.eia.gov/tools/a-z/index.php?id=a,1
https://www.eia.gov/tools/a-z/index.php?id=b,1
https://www.eia.gov/tools/a-z/index.php?id=c,1
https://www.eia.gov/tools/a-z/index.php?id=d,1
https://www.eia.gov/radio/,1
https://www.eia.gov/tools/a-z/index.php?id=f,1
https://www.eia.gov/tools/a-z/index.php?id=g,1
https://www.eia.gov/tools/a-z/index.php?id=e,1
https://www.eia.gov/tools/a-z/index.php?id=h,1
https://www.eia.gov/tools/a-z/index.php?id=l,1
https://www.eia.gov/tools/a-z/index.php?id=j,1
https://www.eia.gov/tools/a-z/index.php?id=k,1
https://www.eia.gov/tools/a-z/index.php?id=i,1
https://www.eia.gov/tools/a-z/index.php?id=m,1
https://www.eia.gov/tools/a-z/index.php?id=o,1
https://www.eia.gov/tools/a-z/index.php?id=p,1
https://www.eia.gov/tools/a-z/index.php?id=n,1
https://www.eia.gov/tools/a-z/index.php?id=r,1
https://www.eia.gov/tools/a-z/index.php?id=q,1
https://www.eia.gov/tools/a-z/index.php?id=s,1
https://www.eia.gov/tools/a-z/index.php?id=t,1
https://www.eia.gov/tools/a-z/index.php?id=u,1
https://www.eia.gov/electricity/monthly/update/,1
https://www.eia.gov/naturalgas/monthly/,1
https://www.eia.gov/tools/a-z/index.php?id=v,1
https://www.eia.gov/tools/a-z/index.php?id=w,1
https://www.eia.gov/tools/a-z/index.php?id=xyz,1
https://www.eia.gov/petroleum/marketing/monthly/,1
https://www.eia.gov/renewable/monthly/solar_photo/,1
https://www.eia.gov/environment/emissions/state/analysis/,1
https://www.eia.gov/electricity/annual/,1
https://www.eia.gov/tools/models/,1
https://www.eia.gov/about/careers/,1
https://www.eia.gov/developer/,1
https://www.eia.gov/petroleum/marketing/monthly/,1
https://www.eia.gov/about/especiallyfor/analysts.php,1
https://www.eia.gov/petroleum/gasdiesel/,1
https://www.eia.gov/about/especiallyfor/employees.php,1
https://www.eia.gov/todayinenergy/detail.php?id=33972,1
https://www.eia.gov/petroleum/gasdiesel/,1
https://www.eia.gov/dnav/ng/hist/rngc1d.htm,1
https://www.eia.gov/about/,1
https://www.eia.gov/coal/production/weekly/,1
https://www.eia.gov/state/,1
https://www.eia.gov/beta/international/,1
https://www.eia.gov/energyexplained/,1
https://www.eia.gov/outlooks/ieo/,1
https://www.eia.gov/about/contact/,1
https://www.eia.gov/about/privacy_security_policy.php,1
https://www.eia.gov/environment/,1
https://www.eia.gov/about/copyrights_reuse.php,1
https://www.eia.gov/about/accessibility.php,1
https://www.eia.gov/beta/international/,1
https://www.eia.gov/dnav/pet/hist/LeafHandler.ashx?n=PET&s=RCLC1&f=D,1
https://www.eia.gov/pressroom/presentations/hess_10112017.pdf,1
https://www.eia.gov/pressroom/presentations/mead_91417.pdf,1
